date,merchant,amount
2026-01-03,Swiggy,"₹350"
2026-01-05,Zomato,"₹1,250"
2026-01-08,Blinkit,"₹480"
2026-01-12,Chai Point,"₹120"
2026-01-15,Swiggy,"₹670"
2026-01-18,Amazon,"₹2,499"
2026-01-22,Zomato,"₹890"
2026-01-25,IRCTC,"₹1,850"
2026-01-28,Swiggy,"₹410"
2026-02-01,Blinkit,"₹320"
2026-02-04,Zomato,"₹1,560"
2026-02-07,Swiggy,"₹990"
2026-02-10,Chai Point,"₹150"
2026-02-14,Amazon,"₹3,999"
2026-02-17,Swiggy,"₹540"
2026-02-20,Zomato,"₹1,120"
2026-02-23,Blinkit,"₹760"
2026-02-26,IRCTC,"₹2,100"
2026-03-01,Swiggy,"₹430"
2026-03-04,Zomato,"₹1,340"
2026-03-07,Blinkit,"₹590"
2026-03-10,Chai Point,"₹130"
2026-03-13,Amazon,"₹1,799"
2026-03-16,Swiggy,"₹780"
2026-03-19,Zomato,"₹960"
2026-03-22,Swiggy,"₹1,450"
2026-03-25,Blinkit,"₹380"
2026-03-28,IRCTC,"₹1,650"
2026-03-31,Swiggy,"₹520"
2026-03-31,Zomato,"₹1,080"
